date,visitor,home
2019-10-22,NOP,TOR
2019-10-22,LAL,LAC
2019-10-23,CHI,CHO
2019-10-23,DET,IND
2019-10-23,CLE,ORL
2019-10-23,MIN,BRK
2019-10-23,MEM,MIA
2019-10-23,BOS,PHI
2019-10-23,WAS,DAL
2019-10-23,NYK,SAS
2019-10-23,OKC,UTA
2019-10-23,SAC,PHO
2019-10-23,DEN,POR
2019-10-24,ATL,DET
2019-10-24,MIL,HOU
2019-10-24,LAC,GSW
2019-10-25,TOR,BOS
2019-10-25,MIN,CHO
2019-10-25,NYK,BRK
2019-10-25,CHI,MEM
2019-10-25,DAL,NOP
2019-10-25,WAS,OKC
2019-10-25,PHO,DEN
2019-10-25,POR,SAC
2019-10-25,UTA,LAL
2019-10-26,MIA,MIL
2019-10-26,PHI,DET
2019-10-26,ORL,ATL
2019-10-26,BOS,NYK
2019-10-26,TOR,CHI
2019-10-26,IND,CLE
2019-10-26,NOP,HOU
2019-10-26,WAS,SAS
2019-10-26,SAC,UTA
2019-10-26,LAC,PHO
2019-10-27,GSW,OKC
2019-10-27,BRK,MEM
2019-10-27,POR,DAL
2019-10-27,MIA,MIN
2019-10-27,CHO,LAL
2019-10-28,CHI,NYK
2019-10-28,IND,DET
2019-10-28,ORL,TOR
2019-10-28,PHI,ATL
2019-10-28,OKC,HOU
2019-10-28,CLE,MIL
2019-10-28,GSW,NOP
2019-10-28,POR,SAS
2019-10-28,UTA,PHO
2019-10-28,DEN,SAC
2019-10-28,CHO,LAC
2019-10-29,ATL,MIA
2019-10-29,DAL,DEN
2019-10-29,MEM,LAL
2019-10-30,CHI,CLE
2019-10-30,NYK,ORL
2019-10-30,MIN,PHI
2019-10-30,MIL,BOS
2019-10-30,IND,BRK
2019-10-30,DET,TOR
2019-10-30,POR,OKC
2019-10-30,HOU,WAS
2019-10-30,CHO,SAC
2019-10-30,LAC,UTA
2019-10-30,PHO,GSW
2019-10-31,MIA,ATL
2019-10-31,DEN,NOP
2019-10-31,SAS,LAC
2019-11-01,HOU,BRK
2019-11-01,CLE,IND
2019-11-01,MIL,ORL
2019-11-01,NYK,BOS
2019-11-01,DET,CHI
2019-11-01,LAL,DAL
2019-11-01,UTA,SAC
2019-11-01,SAS,GSW
2019-11-02,NOP,OKC
2019-11-02,BRK,DET
2019-11-02,DEN,ORL
2019-11-02,PHO,MEM
2019-11-02,TOR,MIL
2019-11-02,MIN,WAS
2019-11-02,CHO,GSW
2019-11-02,PHI,POR
2019-11-03,CHI,IND
2019-11-03,HOU,MIA
2019-11-03,SAC,NYK
2019-11-03,LAL,SAS
2019-11-03,DAL,CLE
2019-11-03,UTA,LAC
2019-11-04,DET,WAS
2019-11-04,NOP,BRK
2019-11-04,HOU,MEM
2019-11-04,MIL,MIN
2019-11-04,PHI,PHO
2019-11-04,POR,GSW
2019-11-05,IND,CHO
2019-11-05,BOS,CLE
2019-11-05,SAS,ATL
2019-11-05,LAL,CHI
2019-11-05,ORL,OKC
2019-11-05,MIA,DEN
2019-11-06,NYK,DET
2019-11-06,WAS,IND
2019-11-06,CHI,ATL
2019-11-06,GSW,HOU
2019-11-06,SAC,TOR
2019-11-06,MIN,MEM
2019-11-06,ORL,DAL
2019-11-06,PHI,UTA
2019-11-06,MIL,LAC
2019-11-07,BOS,CHO
2019-11-07,OKC,SAS
2019-11-07,MIA,PHO
2019-11-07,POR,LAC
2019-11-08,DET,IND
2019-11-08,MEM,ORL
2019-11-08,CLE,WAS
2019-11-08,SAC,ATL
2019-11-08,GSW,MIN
2019-11-08,TOR,NOP
2019-11-08,NYK,DAL
2019-11-08,PHI,DEN
2019-11-08,MIL,UTA
2019-11-08,BRK,POR
2019-11-08,MIA,LAL
2019-11-09,BOS,SAS
2019-11-09,NOP,CHO
2019-11-09,HOU,CHI
2019-11-09,DAL,MEM
2019-11-09,GSW,OKC
2019-11-10,DEN,MIN
2019-11-10,IND,ORL
2019-11-10,CHO,PHI
2019-11-10,MIL,OKC
2019-11-10,CLE,NYK
2019-11-10,BRK,PHO
2019-11-10,ATL,POR
2019-11-10,TOR,LAL
2019-11-11,MIN,DET
2019-11-11,DAL,BOS
2019-11-11,MEM,SAS
2019-11-11,HOU,NOP
2019-11-11,UTA,GSW
2019-11-11,TOR,LAC
2019-11-12,OKC,IND
2019-11-12,CLE,PHI
2019-11-12,DET,MIA
2019-11-12,NYK,CHI
2019-11-12,ATL,DEN
2019-11-12,LAL,PHO
2019-11-12,BRK,UTA
2019-11-12,POR,SAC
2019-11-13,MEM,CHO
2019-11-13,PHI,ORL
2019-11-13,WAS,BOS
2019-11-13,LAC,HOU
2019-11-13,SAS,MIN
2019-11-13,GSW,LAL
2019-11-13,TOR,POR
2019-11-14,MIA,CLE
2019-11-14,CHI,MIL
2019-11-14,LAC,NOP
2019-11-14,DAL,NYK
2019-11-14,ATL,PHO
2019-11-14,BRK,DEN
2019-11-15,DET,CHO
2019-11-15,SAS,ORL
2019-11-15,IND,HOU
2019-11-15,UTA,MEM
2019-11-15,WAS,MIN
2019-11-15,PHI,OKC
2019-11-15,BOS,GSW
2019-11-15,SAC,LAL
2019-11-16,BRK,CHI
2019-11-16,MIL,IND
2019-11-16,CHO,NYK
2019-11-16,NOP,MIA
2019-11-16,HOU,MIN
2019-11-16,TOR,DAL
2019-11-16,POR,SAS
2019-11-16,ATL,LAC
2019-11-17,PHI,CLE
2019-11-17,BOS,SAC
2019-11-17,DEN,MEM
2019-11-17,WAS,ORL
2019-11-17,GSW,NOP
2019-11-17,ATL,LAL
2019-11-18,CLE,NYK
2019-11-18,IND,BRK
2019-11-18,CHO,TOR
2019-11-18,MIL,CHI
2019-11-18,POR,HOU
2019-11-18,SAS,DAL
2019-11-18,BOS,PHO
2019-11-18,MIN,UTA
2019-11-18,OKC,LAC
2019-11-19,GSW,MEM
2019-11-19,POR,NOP
2019-11-19,PHO,SAC
2019-11-19,OKC,LAL
2019-11-20,NYK,PHI
2019-11-20,SAS,WAS
2019-11-20,MIL,ATL
2019-11-20,CHO,BRK
2019-11-20,GSW,DAL
2019-11-20,CLE,MIA
2019-11-20,ORL,TOR
2019-11-20,DET,CHI
2019-11-20,UTA,MIN
2019-11-20,HOU,DEN
2019-11-20,BOS,LAC
2019-11-21,POR,MIL
2019-11-21,NOP,PHO
2019-11-22,ATL,DET
2019-11-22,CHO,WAS
2019-11-22,SAC,BRK
2019-11-22,MIA,CHI
2019-11-22,LAL,OKC
2019-11-22,SAS,PHI
2019-11-22,CLE,DAL
2019-11-22,BOS,DEN
2019-11-22,GSW,UTA
2019-11-22,HOU,LAC
2019-11-23,PHO,MIN
2019-11-23,CHI,CHO
2019-11-23,ORL,IND
2019-11-23,TOR,ATL
2019-11-23,SAS,NYK
2019-11-23,MIA,PHI
2019-11-23,POR,CLE
2019-11-23,LAL,MEM
2019-11-23,DET,MIL
2019-11-23,NOP,UTA
2019-11-24,DAL,HOU
2019-11-24,BRK,NYK
2019-11-24,SAC,WAS
2019-11-24,PHO,DEN
2019-11-24,NOP,LAC
2019-11-25,BRK,CLE
2019-11-25,ORL,DET
2019-11-25,MEM,IND
2019-11-25,MIN,ATL
2019-11-25,SAC,BOS
2019-11-25,CHO,MIA
2019-11-25,PHI,TOR
2019-11-25,POR,CHI
2019-11-25,UTA,MIL
2019-11-25,LAL,SAS
2019-11-25,OKC,GSW
2019-11-26,LAC,DAL
2019-11-26,WAS,DEN
2019-11-27,BRK,BOS
2019-11-27,DET,CHO
2019-11-27,ORL,CLE
2019-11-27,UTA,IND
2019-11-27,SAC,PHI
2019-11-27,NYK,TOR
2019-11-27,MIA,HOU
2019-11-27,LAC,MEM
2019-11-27,ATL,MIL
2019-11-27,MIN,SAS
2019-11-27,WAS,PHO
2019-11-27,LAL,NOP
2019-11-27,OKC,POR
2019-11-27,CHI,GSW
2019-11-29,BOS,BRK
2019-11-29,CHO,DET
2019-11-29,TOR,ORL
2019-11-29,MIL,CLE
2019-11-29,PHI,NYK
2019-11-29,ATL,IND
2019-11-29,UTA,MEM
2019-11-29,GSW,MIA
2019-11-29,NOP,OKC
2019-11-29,LAC,SAS
2019-11-29,DAL,PHO
2019-11-29,CHI,POR
2019-11-29,WAS,LAL
2019-11-30,DEN,SAC
2019-11-30,IND,PHI
2019-11-30,ATL,HOU
2019-11-30,CHO,MIL
2019-12-01,MIA,BRK
2019-12-01,MEM,MIN
2019-12-01,BOS,NYK
2019-12-01,DAL,LAL
2019-12-01,SAS,DET
2019-12-01,OKC,NOP
2019-12-01,GSW,ORL
2019-12-01,UTA,TOR
2019-12-01,WAS,LAC
2019-12-02,PHO,CHO
2019-12-02,UTA,PHI
2019-12-02,GSW,ATL
2019-12-02,IND,MEM
2019-12-02,NYK,MIL
2019-12-02,CHI,SAC
2019-12-03,DET,CLE
2019-12-03,ORL,WAS
2019-12-03,DAL,NOP
2019-12-03,MIA,TOR
2019-12-03,HOU,SAS
2019-12-03,LAL,DEN
2019-12-03,POR,LAC
2019-12-04,GSW,CHO
2019-12-04,MIL,DET
2019-12-04,PHO,ORL
2019-12-04,BRK,ATL
2019-12-04,MIA,BOS
2019-12-04,MEM,CHI
2019-12-04,IND,OKC
2019-12-04,MIN,DAL
2019-12-04,LAL,UTA
2019-12-04,SAC,POR
2019-12-05,PHI,WAS
2019-12-05,DEN,NYK
2019-12-05,HOU,TOR
2019-12-05,PHO,NOP
2019-12-06,BRK,CHO
2019-12-06,ORL,CLE
2019-12-06,IND,DET
2019-12-06,DEN,BOS
2019-12-06,GSW,CHI
2019-12-06,WAS,MIA
2019-12-06,MIN,OKC
2019-12-06,LAC,MIL
2019-12-06,SAC,SAS
2019-12-06,LAL,POR
2019-12-07,NOP,DAL
2019-12-07,IND,NYK
2019-12-07,CLE,PHI
2019-12-07,PHO,HOU
2019-12-07,MEM,UTA
2019-12-08,DEN,BRK
2019-12-08,ATL,CHO
2019-12-08,CHI,MIA
2019-12-08,TOR,PHI
2019-12-08,LAC,WAS
2019-12-08,SAC,DAL
2019-12-08,OKC,POR
2019-12-08,MIN,LAL
2019-12-09,LAC,IND
2019-12-09,CLE,BOS
2019-12-09,TOR,CHI
2019-12-09,SAC,HOU
2019-12-09,ORL,MIL
2019-12-09,DET,NOP
2019-12-09,MIN,PHO
2019-12-09,OKC,UTA
2019-12-09,MEM,GSW
2019-12-10,WAS,CHO
2019-12-10,DEN,PHI
2019-12-10,ATL,MIA
2019-12-10,NYK,POR
2019-12-11,HOU,CLE
2019-12-11,BOS,IND
2019-12-11,LAL,ORL
2019-12-11,LAC,TOR
2019-12-11,CHO,BRK
2019-12-11,ATL,CHI
2019-12-11,UTA,MIN
2019-12-11,MEM,PHO
2019-12-11,NOP,MIL
2019-12-11,OKC,SAC
2019-12-11,NYK,GSW
2019-12-12,PHI,BOS
2019-12-12,CLE,SAS
2019-12-12,DAL,DET
2019-12-12,POR,DEN
2019-12-13,HOU,ORL
2019-12-13,NOP,PHI
2019-12-13,IND,ATL
2019-12-13,CHO,CHI
2019-12-13,MIL,MEM
2019-12-13,LAL,MIA
2019-12-13,LAC,MIN
2019-12-13,NYK,SAC
2019-12-13,GSW,UTA
2019-12-14,SAS,PHO
2019-12-14,BRK,TOR
2019-12-14,LAC,CHI
2019-12-14,WAS,MEM
2019-12-14,MIA,DAL
2019-12-14,CLE,MIL
2019-12-14,OKC,DEN
2019-12-14,DET,HOU
2019-12-15,ORL,NOP
2019-12-15,CHO,IND
2019-12-15,LAL,ATL
2019-12-15,PHI,BRK
2019-12-15,NYK,DEN
2019-12-15,SAC,GSW
2019-12-16,WAS,DET
2019-12-16,CLE,TOR
2019-12-16,SAS,HOU
2019-12-16,MIA,MEM
2019-12-16,DAL,MIL
2019-12-16,CHI,OKC
2019-12-16,POR,PHO
2019-12-17,SAC,CHO
2019-12-17,LAL,IND
2019-12-17,ATL,NYK
2019-12-17,BRK,NOP
2019-12-17,ORL,UTA
2019-12-17,PHO,LAC
2019-12-18,CHO,CLE
2019-12-18,TOR,DET
2019-12-18,CHI,WAS
2019-12-18,MIA,PHI
2019-12-18,NOP,MIN
2019-12-18,MEM,OKC
2019-12-18,BOS,DAL
2019-12-18,ORL,DEN
2019-12-18,GSW,POR
2019-12-19,UTA,ATL
2019-12-19,LAL,MIL
2019-12-19,BRK,SAS
2019-12-19,HOU,LAC
2019-12-20,MEM,CLE
2019-12-20,SAC,IND
2019-12-20,DET,BOS
2019-12-20,WAS,TOR
2019-12-20,NYK,MIA
2019-12-20,PHO,OKC
2019-12-20,DAL,PHI
2019-12-20,MIN,DEN
2019-12-20,ORL,POR
2019-12-20,NOP,GSW
2019-12-21,UTA,CHO
2019-12-21,ATL,BRK
2019-12-21,CHI,DET
2019-12-21,WAS,PHI
2019-12-21,MIL,NYK
2019-12-21,SAC,MEM
2019-12-21,LAC,SAS
2019-12-21,HOU,PHO
2019-12-21,MIN,POR
2019-12-22,DAL,TOR
2019-12-22,CHO,BOS
2019-12-22,IND,MIL
2019-12-22,LAC,OKC
2019-12-22,DEN,LAL
2019-12-23,ATL,CLE
2019-12-23,PHI,DET
2019-12-23,TOR,IND
2019-12-23,WAS,NYK
2019-12-23,CHI,ORL
2019-12-23,UTA,MIA
2019-12-23,SAS,MEM
2019-12-23,DEN,PHO
2019-12-23,NOP,POR
2019-12-23,HOU,SAC
2019-12-23,MIN,GSW
2019-12-25,BOS,TOR
2019-12-25,MIL,PHI
2019-12-25,HOU,GSW
2019-12-25,LAC,LAL
2019-12-25,NOP,DEN
2019-12-26,WAS,DET
2019-12-26,NYK,BRK
2019-12-26,MEM,OKC
2019-12-26,SAS,DAL
2019-12-26,MIN,SAC
2019-12-26,POR,UTA
2019-12-27,CLE,BOS
2019-12-27,OKC,CHO
2019-12-27,PHI,ORL
2019-12-27,MIL,ATL
2019-12-27,IND,MIA
2019-12-27,PHO,GSW
2019-12-28,MEM,DEN
2019-12-28,TOR,BOS
2019-12-28,IND,NOP
2019-12-28,ATL,CHI
2019-12-28,BRK,HOU
2019-12-28,PHI,MIA
2019-12-28,CLE,MIN
2019-12-28,NYK,WAS
2019-12-28,DAL,GSW
2019-12-28,ORL,MIL
2019-12-28,DET,SAS
2019-12-28,PHO,SAC
2019-12-28,LAL,POR
2019-12-28,UTA,LAC
2019-12-29,OKC,TOR
2019-12-29,SAC,DEN
2019-12-29,CHO,MEM
2019-12-29,HOU,NOP
2019-12-29,DAL,LAL
2019-12-30,ATL,ORL
2019-12-30,MIA,WAS
2019-12-30,MIL,CHI
2019-12-30,BRK,MIN
2019-12-30,DET,UTA
2019-12-30,PHO,POR
2019-12-31,BOS,CHO
2019-12-31,PHI,IND
2019-12-31,LAC,SAC
2019-12-31,DEN,HOU
2019-12-31,GSW,SAS
2019-12-31,CLE,TOR
2019-12-31,DAL,OKC
2020-01-01,ORL,WAS
2020-01-01,POR,NYK
2020-01-01,MIN,MIL
2020-01-01,PHO,LAL
2020-01-02,CHO,CLE
2020-01-02,DEN,IND
2020-01-02,TOR,MIA
2020-01-02,UTA,CHI
2020-01-02,GSW,MIN
2020-01-02,BRK,DAL
2020-01-02,OKC,SAS
2020-01-02,MEM,SAC
2020-01-02,DET,LAC
2020-01-03,ATL,BOS
2020-01-03,MIA,ORL
2020-01-03,POR,WAS
2020-01-03,PHI,HOU
2020-01-03,NYK,PHO
2020-01-03,NOP,LAL
2020-01-04,MEM,LAC
2020-01-04,TOR,BRK
2020-01-04,UTA,ORL
2020-01-04,IND,ATL
2020-01-04,OKC,CLE
2020-01-04,BOS,CHI
2020-01-04,DEN,WAS
2020-01-04,CHO,DAL
2020-01-04,DET,GSW
2020-01-04,SAS,MIL
2020-01-04,NOP,SAC
2020-01-05,NYK,LAC
2020-01-05,POR,MIA
2020-01-05,MIN,CLE
2020-01-05,MEM,PHO
2020-01-05,DET,LAL
2020-01-06,IND,CHO
2020-01-06,BRK,ORL
2020-01-06,OKC,PHI
2020-01-06,BOS,WAS
2020-01-06,DEN,ATL
2020-01-06,UTA,NOP
2020-01-06,CHI,DAL
2020-01-06,MIL,SAS
2020-01-06,GSW,SAC
2020-01-07,DET,CLE
2020-01-07,POR,TOR
2020-01-07,OKC,BRK
2020-01-07,MIN,MEM
2020-01-07,SAC,PHO
2020-01-07,NYK,LAL
2020-01-08,SAS,BOS
2020-01-08,TOR,CHO
2020-01-08,MIA,IND
2020-01-08,WAS,ORL
2020-01-08,HOU,ATL
2020-01-08,DEN,DAL
2020-01-08,CHI,NOP
2020-01-08,NYK,UTA
2020-01-08,MIL,GSW
2020-01-09,CLE,DET
2020-01-09,BOS,PHI
2020-01-09,POR,MIN
2020-01-09,HOU,OKC
2020-01-10,ATL,WAS
2020-01-10,MIA,BRK
2020-01-10,IND,CHI
2020-01-10,SAS,MEM
2020-01-10,NOP,NYK
2020-01-10,LAL,DAL
2020-01-10,ORL,PHO
2020-01-10,CHO,UTA
2020-01-10,MIL,SAC
2020-01-10,GSW,LAC
2020-01-11,MIN,HOU
2020-01-11,NOP,BOS
2020-01-11,CHI,DET
2020-01-11,LAL,OKC
2020-01-11,PHI,DAL
2020-01-11,CLE,DEN
2020-01-11,MIL,POR
2020-01-12,MIA,NYK
2020-01-12,UTA,WAS
2020-01-12,ATL,BRK
2020-01-12,GSW,MEM
2020-01-12,SAS,TOR
2020-01-12,LAC,DEN
2020-01-12,CHO,PHO
2020-01-13,NOP,DET
2020-01-13,PHI,IND
2020-01-13,CHI,BOS
2020-01-13,OKC,MIN
2020-01-13,CHO,POR
2020-01-13,ORL,SAC
2020-01-13,CLE,LAL
2020-01-14,PHO,ATL
2020-01-14,UTA,BRK
2020-01-14,HOU,MEM
2020-01-14,NYK,MIL
2020-01-14,DAL,GSW
2020-01-14,CLE,LAC
2020-01-15,DET,BOS
2020-01-15,BRK,PHI
2020-01-15,SAS,MIA
2020-01-15,WAS,CHI
2020-01-15,IND,MIN
2020-01-15,TOR,OKC
2020-01-15,CHO,DEN
2020-01-15,POR,HOU
2020-01-15,DAL,SAC
2020-01-15,ORL,LAL
2020-01-16,PHO,NYK
2020-01-16,BOS,MIL
2020-01-16,UTA,NOP
2020-01-16,DEN,GSW
2020-01-16,ORL,LAC
2020-01-17,MIN,IND
2020-01-17,CHI,PHI
2020-01-17,WAS,TOR
2020-01-17,CLE,MEM
2020-01-17,MIA,OKC
2020-01-17,ATL,SAS
2020-01-17,POR,DAL
2020-01-18,LAC,NOP
2020-01-18,MIL,BRK
2020-01-18,PHO,BOS
2020-01-18,DET,ATL
2020-01-18,PHI,NYK
2020-01-18,CLE,CHI
2020-01-18,TOR,MIN
2020-01-18,ORL,GSW
2020-01-18,LAL,HOU
2020-01-18,POR,OKC
2020-01-18,SAC,UTA
2020-01-19,MIA,SAS
2020-01-19,IND,DEN
2020-01-20,DET,WAS
2020-01-20,TOR,ATL
2020-01-20,PHI,BRK
2020-01-20,ORL,CHO
2020-01-20,NYK,CLE
2020-01-20,OKC,HOU
2020-01-20,NOP,MEM
2020-01-20,SAC,MIA
2020-01-20,CHI,MIL
2020-01-20,LAL,BOS
2020-01-20,DEN,MIN
2020-01-20,SAS,PHO
2020-01-20,IND,UTA
2020-01-20,GSW,POR
2020-01-21,LAC,DAL
2020-01-22,SAC,DET
2020-01-22,OKC,ORL
2020-01-22,LAC,ATL
2020-01-22,MEM,BOS
2020-01-22,WAS,MIA
2020-01-22,LAL,NYK
2020-01-22,PHI,TOR
2020-01-22,MIN,CHI
2020-01-22,DEN,HOU
2020-01-22,SAS,NOP
2020-01-22,IND,PHO
2020-01-22,UTA,GSW
2020-01-23,WAS,CLE
2020-01-23,LAL,BRK
2020-01-23,DAL,POR
2020-01-24,MIL,CHO
2020-01-24,MEM,DET
2020-01-24,BOS,ORL
2020-01-24,TOR,NYK
2020-01-24,SAC,CHI
2020-01-24,LAC,MIA
2020-01-24,HOU,MIN
2020-01-24,DEN,NOP
2020-01-24,ATL,OKC
2020-01-24,PHO,SAS
2020-01-24,IND,GSW
2020-01-25,DAL,UTA
2020-01-25,BRK,DET
2020-01-25,CHI,CLE
2020-01-25,OKC,MIN
2020-01-25,LAL,PHI
2020-01-26,HOU,DEN
2020-01-26,TOR,SAS
2020-01-26,WAS,ATL
2020-01-26,PHO,MEM
2020-01-26,BOS,NOP
2020-01-26,BRK,NYK
2020-01-26,LAC,ORL
2020-01-26,IND,POR
2020-01-27,CLE,DET
2020-01-27,ORL,MIA
2020-01-27,SAS,CHI
2020-01-27,SAC,MIN
2020-01-27,DAL,OKC
2020-01-27,HOU,UTA
2020-01-28,NYK,CHO
2020-01-28,NOP,CLE
2020-01-28,BOS,MIA
2020-01-28,GSW,PHI
2020-01-28,ATL,TOR
2020-01-28,DEN,MEM
2020-01-28,WAS,MIL
2020-01-28,PHO,DAL
2020-01-28,LAC,LAL
2020-01-29,CHI,IND
2020-01-29,DET,BRK
2020-01-29,MEM,NYK
2020-01-29,UTA,SAS
2020-01-29,HOU,POR
2020-01-29,OKC,SAC
2020-01-30,TOR,CLE
2020-01-30,CHO,WAS
2020-01-30,PHI,ATL
2020-01-30,GSW,BOS
2020-01-30,UTA,DEN
2020-01-30,SAC,LAC
2020-01-31,TOR,DET
2020-01-31,CHI,BRK
2020-01-31,DAL,HOU
2020-01-31,MEM,NOP
2020-01-31,DEN,MIL
2020-01-31,OKC,PHO
2020-01-31,POR,LAL
2020-02-01,MIN,LAC
2020-02-01,NYK,IND
2020-02-01,MIA,ORL
2020-02-01,GSW,CLE
2020-02-01,BRK,WAS
2020-02-01,PHI,BOS
2020-02-01,ATL,DAL
2020-02-01,CHO,SAS
2020-02-01,UTA,POR
2020-02-01,LAL,SAC
2020-02-02,DEN,DET
2020-02-02,NOP,HOU
2020-02-02,PHO,MIL
2020-02-02,CHI,TOR
2020-02-03,ORL,CHO
2020-02-03,NYK,CLE
2020-02-03,DAL,IND
2020-02-03,GSW,WAS
2020-02-03,BOS,ATL
2020-02-03,PHO,BRK
2020-02-03,PHI,MIA
2020-02-03,DET,MEM
2020-02-03,MIN,SAC
2020-02-03,SAS,LAC
2020-02-04,MIL,NOP
2020-02-04,CHO,HOU
2020-02-04,POR,DEN
2020-02-04,SAS,LAL
2020-02-05,PHO,DET
2020-02-05,ORL,BOS
2020-02-05,GSW,BRK
2020-02-05,IND,TOR
2020-02-05,ATL,MIN
2020-02-05,CLE,OKC
2020-02-05,MEM,DAL
2020-02-05,DEN,UTA
2020-02-05,MIA,LAC
2020-02-06,ORL,NYK
2020-02-06,NOP,CHI
2020-02-06,PHI,MIL
2020-02-06,SAS,POR
2020-02-06,HOU,LAL
2020-02-07,MEM,PHI
2020-02-07,DAL,WAS
2020-02-07,ATL,BOS
2020-02-07,TOR,IND
2020-02-07,DET,OKC
2020-02-07,HOU,PHO
2020-02-07,MIA,SAC
2020-02-07,POR,UTA
2020-02-08,MIL,ORL
2020-02-08,DAL,CHO
2020-02-08,NYK,DET
2020-02-08,NOP,IND
2020-02-08,BRK,TOR
2020-02-08,LAC,MIN
2020-02-08,LAL,GSW
2020-02-08,DEN,PHO
2020-02-08,SAS,SAC
2020-02-09,BOS,OKC
2020-02-09,NYK,ATL
2020-02-09,CHI,PHI
2020-02-09,MEM,WAS
2020-02-09,UTA,HOU
2020-02-09,LAC,CLE
2020-02-09,MIA,POR
2020-02-10,CHO,DET
2020-02-10,BRK,IND
2020-02-10,ATL,ORL
2020-02-10,MIN,TOR
2020-02-10,SAC,MIL
2020-02-10,UTA,DAL
2020-02-10,SAS,DEN
2020-02-10,MIA,GSW
2020-02-10,PHO,LAL
2020-02-11,LAC,PHI
2020-02-11,CHI,WAS
2020-02-11,POR,NOP
2020-02-11,SAS,OKC
2020-02-11,BOS,HOU
2020-02-12,ATL,CLE
2020-02-12,DET,ORL
2020-02-12,TOR,BRK
2020-02-12,MIL,IND
2020-02-12,WAS,NYK
2020-02-12,POR,MEM
2020-02-12,CHO,MIN
2020-02-12,SAC,DAL
2020-02-12,GSW,PHO
2020-02-12,MIA,UTA
2020-02-12,LAL,DEN
2020-02-13,LAC,BOS
2020-02-13,OKC,NOP
2020-02-20,MIL,DET
2020-02-20,MIA,ATL
2020-02-20,CHO,CHI
2020-02-20,BRK,PHI
2020-02-20,MEM,SAC
2020-02-20,HOU,GSW
2020-02-21,DAL,ORL
2020-02-21,CLE,WAS
2020-02-21,IND,NYK
2020-02-21,PHO,TOR
2020-02-21,BOS,MIN
2020-02-21,DEN,OKC
2020-02-21,SAS,UTA
2020-02-21,MEM,LAL
2020-02-21,NOP,POR
2020-02-22,SAC,LAC
2020-02-22,BRK,CHO
2020-02-22,DAL,ATL
2020-02-22,PHO,CHI
2020-02-22,CLE,MIA
2020-02-22,PHI,MIL
2020-02-22,HOU,UTA
2020-02-23,BOS,LAL
2020-02-23,MIN,DEN
2020-02-23,IND,TOR
2020-02-23,WAS,CHI
2020-02-23,SAS,OKC
2020-02-23,NOP,GSW
2020-02-23,DET,POR
2020-02-24,MIA,CLE
2020-02-24,ATL,PHI
2020-02-24,MIL,WAS
2020-02-24,ORL,BRK
2020-02-24,NYK,HOU
2020-02-24,MIN,DAL
2020-02-24,PHO,UTA
2020-02-24,MEM,LAC
2020-02-25,CHO,IND
2020-02-25,MIL,TOR
2020-02-25,OKC,CHI
2020-02-25,DET,DEN
2020-02-25,NOP,LAL
2020-02-25,BOS,POR
2020-02-25,SAC,GSW
2020-02-26,NYK,CHO
2020-02-26,PHI,CLE
2020-02-26,BRK,WAS
2020-02-26,ORL,ATL
2020-02-26,MIN,MIA
2020-02-26,DAL,SAS
2020-02-26,MEM,HOU
2020-02-26,LAC,PHO
2020-02-26,BOS,UTA
2020-02-27,NYK,PHI
2020-02-27,POR,IND
2020-02-27,SAC,OKC
2020-02-27,LAL,GSW
2020-02-28,MIN,ORL
2020-02-28,BRK,ATL
2020-02-28,CHO,TOR
2020-02-28,SAC,MEM
2020-02-28,DAL,MIA
2020-02-28,OKC,MIL
2020-02-28,CLE,NOP
2020-02-28,DET,PHO
2020-02-28,WAS,UTA
2020-02-28,DEN,LAC
2020-02-29,CHI,NYK
2020-02-29,POR,ATL
2020-02-29,BRK,MIA
2020-02-29,IND,CLE
2020-02-29,LAL,MEM
2020-02-29,HOU,BOS
2020-02-29,ORL,SAS
2020-02-29,GSW,PHO
2020-03-01,MIL,CHO
2020-03-01,PHI,LAC
2020-03-01,DAL,MIN
2020-03-01,TOR,DEN
2020-03-01,DET,SAC
2020-03-01,LAL,NOP
2020-03-01,WAS,GSW
2020-03-02,UTA,CLE
2020-03-02,HOU,NYK
2020-03-02,POR,ORL
2020-03-02,MEM,ATL
2020-03-02,MIL,MIA
2020-03-02,DAL,CHI
2020-03-02,IND,SAS
2020-03-03,SAS,CHO
2020-03-03,BRK,BOS
2020-03-03,MIN,NOP
2020-03-03,LAC,OKC
2020-03-03,GSW,DEN
2020-03-03,TOR,PHO
2020-03-03,PHI,LAL
2020-03-03,WAS,SAC
2020-03-04,BOS,CLE
2020-03-04,OKC,DET
2020-03-04,ORL,MIA
2020-03-04,MEM,BRK
2020-03-04,UTA,NYK
2020-03-04,CHI,MIN
2020-03-04,NOP,DAL
2020-03-04,IND,MIL
2020-03-04,WAS,POR
2020-03-05,DEN,CHO
2020-03-05,LAC,HOU
2020-03-05,PHI,SAC
2020-03-05,TOR,GSW
2020-03-06,ATL,WAS
2020-03-06,SAS,BRK
2020-03-06,OKC,NYK
2020-03-06,UTA,BOS
2020-03-06,IND,CHI
2020-03-06,ORL,MIN
2020-03-06,MIA,NOP
2020-03-06,MEM,DAL
2020-03-06,POR,PHO
2020-03-06,MIL,LAL
2020-03-07,HOU,CHO
2020-03-07,UTA,DET
2020-03-07,DEN,CLE
2020-03-07,ATL,MEM
2020-03-07,PHI,GSW
2020-03-07,SAC,POR
2020-03-08,CHI,BRK
2020-03-08,LAL,LAC
2020-03-08,NOP,MIN
2020-03-08,OKC,BOS
2020-03-08,MIL,PHO
2020-03-08,IND,DAL
2020-03-08,ORL,HOU
2020-03-08,MIA,WAS
2020-03-08,SAS,CLE
2020-03-08,DET,NYK
2020-03-08,TOR,SAC
2020-03-09,CHO,ATL
2020-03-09,MIL,DEN
2020-03-09,TOR,UTA
2020-03-10,BOS,IND
2020-03-10,NYK,WAS
2020-03-10,CLE,CHI
2020-03-10,MIN,HOU
2020-03-10,ORL,MEM
2020-03-10,DAL,SAS
2020-03-10,PHO,POR
2020-03-10,LAC,GSW
2020-03-10,BRK,LAL
2020-03-11,NYK,ATL
2020-03-11,CHO,MIA
2020-03-11,DET,PHI
2020-03-11,UTA,OKC
2020-03-11,DEN,DAL
2020-03-11,NOP,SAC
2020-03-12,CHI,ORL
2020-03-12,BOS,MIL
2020-03-12,MEM,POR
2020-03-12,BRK,GSW
2020-03-12,HOU,LAL
2020-03-13,CLE,CHO
2020-03-13,WAS,BOS
2020-03-13,NYK,MIA
2020-03-13,MIN,OKC
2020-03-13,DEN,SAS
2020-03-13,NOP,UTA
2020-03-13,BRK,LAC
2020-03-14,PHO,DAL
2020-03-14,CLE,ATL
2020-03-14,IND,PHI
2020-03-14,DET,TOR
2020-03-14,CHI,MIA
2020-03-14,GSW,MIL
2020-03-14,MIN,SAS
2020-03-14,MEM,UTA
2020-03-14,NOP,LAC
2020-03-15,HOU,POR
2020-03-15,CHO,ORL
2020-03-15,OKC,WAS
2020-03-15,BOS,CHI
2020-03-15,DEN,LAL
2020-03-15,BRK,SAC
2020-03-16,WAS,PHI
2020-03-16,MIA,MIL
2020-03-16,ATL,NOP
2020-03-16,GSW,TOR
2020-03-16,MEM,SAS
2020-03-16,LAL,UTA
2020-03-16,DAL,LAC
2020-03-17,ORL,DET
2020-03-17,CHO,NYK
2020-03-17,CLE,HOU
2020-03-17,OKC,MEM
2020-03-17,MIN,POR
2020-03-17,DAL,SAC
2020-03-18,TOR,PHI
2020-03-18,OKC,ATL
2020-03-18,NYK,BOS
2020-03-18,WAS,BRK
2020-03-18,GSW,IND
2020-03-18,MIA,CHI
2020-03-18,SAS,NOP
2020-03-18,LAC,DEN
2020-03-18,UTA,LAL
2020-03-18,MIN,PHO
2020-03-19,PHI,CHO
2020-03-19,CLE,ORL
2020-03-19,SAC,HOU
2020-03-19,MEM,MIL
2020-03-19,DAL,POR
2020-03-20,GSW,DET
2020-03-20,MIA,IND
2020-03-20,WAS,ATL
2020-03-20,BOS,TOR
2020-03-20,DEN,OKC
2020-03-20,CHI,SAS
2020-03-20,MIN,UTA
2020-03-20,PHO,LAC
2020-03-21,BOS,BRK
2020-03-21,LAL,CHO
2020-03-21,CLE,IND
2020-03-21,SAC,ORL
2020-03-21,ATL,PHI
2020-03-21,GSW,NYK
2020-03-21,CHI,HOU
2020-03-21,NOP,MEM
2020-03-21,MIL,WAS
2020-03-21,DAL,PHO
2020-03-22,LAL,DET
2020-03-22,DEN,TOR
2020-03-22,POR,MIN
2020-03-22,SAC,NOP
2020-03-22,UTA,SAS
2020-03-23,PHO,IND
2020-03-23,LAC,NYK
2020-03-23,BOS,WAS
2020-03-23,ORL,BRK
2020-03-23,OKC,MIA
2020-03-23,DEN,CHI
2020-03-23,DET,MIL
2020-03-23,HOU,DAL
2020-03-24,POR,CHO
2020-03-24,SAC,CLE
2020-03-24,LAL,TOR
2020-03-24,PHI,MIN
2020-03-24,MEM,NOP
2020-03-24,SAS,UTA
2020-03-25,LAC,BRK
2020-03-25,POR,DET
2020-03-25,IND,ORL
2020-03-25,PHO,WAS
2020-03-25,DEN,MIA
2020-03-25,TOR,NYK
2020-03-25,BOS,MEM
2020-03-25,HOU,MIL
2020-03-25,ATL,GSW
2020-03-26,LAL,CLE
2020-03-26,PHI,CHI
2020-03-26,SAS,MIN
2020-03-26,CHO,OKC
2020-03-26,UTA,DAL
2020-03-26,ATL,SAC
2020-03-27,LAC,DET
2020-03-27,HOU,IND
2020-03-27,BRK,ORL
2020-03-27,PHO,PHI
2020-03-27,POR,BOS
2020-03-27,NYK,NOP
2020-03-27,WAS,MIL
2020-03-27,SAS,DEN
2020-03-28,CLE,BRK
2020-03-28,LAC,CHO
2020-03-28,NYK,CHI
2020-03-28,TOR,MEM
2020-03-28,PHO,MIA
2020-03-28,LAL,WAS
2020-03-28,OKC,GSW
2020-03-28,ATL,UTA
2020-03-29,MIL,DAL
2020-03-29,HOU,DET
2020-03-29,MIN,BOS
2020-03-29,NOP,ORL
2020-03-29,POR,PHI
2020-03-29,SAS,GSW
2020-03-29,IND,SAC
2020-03-30,MIA,CHO
2020-03-30,PHO,CLE
2020-03-30,POR,BRK
2020-03-30,MEM,TOR
2020-03-30,LAL,MIN
2020-03-30,OKC,DEN
2020-03-30,CHI,UTA
2020-03-30,IND,LAC
2020-03-31,NOP,ATL
2020-03-31,HOU,PHI
2020-03-31,DEN,GSW
2020-03-31,SAS,SAC
2020-04-01,CHO,ORL
2020-04-01,NOP,WAS
2020-04-01,MIA,BOS
2020-04-01,DET,BRK
2020-04-01,NYK,MEM
2020-04-01,DAL,MIN
2020-04-01,PHO,OKC
2020-04-01,TOR,MIL
2020-04-01,CLE,UTA
2020-04-01,IND,LAL
2020-04-02,GSW,HOU
2020-04-02,LAC,SAC
2020-04-02,UTA,POR
2020-04-03,MIA,DET
2020-04-03,BRK,IND
2020-04-03,PHI,WAS
2020-04-03,CHO,ATL
2020-04-03,ORL,BOS
2020-04-03,MIN,NYK
2020-04-03,MIL,TOR
2020-04-03,DAL,MEM
2020-04-03,GSW,SAS
2020-04-03,CHI,DEN
2020-04-03,CLE,PHO
2020-04-04,OKC,LAC
2020-04-04,LAL,SAC
2020-04-05,ATL,CHO
2020-04-05,ORL,PHI
2020-04-05,MIL,BOS
2020-04-05,WAS,IND
2020-04-05,MIA,NYK
2020-04-05,DAL,BRK
2020-04-05,UTA,DEN
2020-04-05,CHI,PHO
2020-04-05,TOR,HOU
2020-04-05,DET,MIN
2020-04-05,NOP,SAS
2020-04-05,MEM,POR
2020-04-05,CLE,SAC
2020-04-05,OKC,LAL
2020-04-07,TOR,WAS
2020-04-07,DET,ATL
2020-04-07,IND,MIA
2020-04-07,MIL,PHI
2020-04-07,PHO,MIN
2020-04-07,CHO,NOP
2020-04-07,BRK,OKC
2020-04-07,HOU,DAL
2020-04-07,SAC,SAS
2020-04-07,MEM,DEN
2020-04-07,CLE,POR
2020-04-07,LAC,UTA
2020-04-07,CHI,LAL
2020-04-08,IND,BOS
2020-04-08,TOR,CHO
2020-04-08,ORL,NYK
2020-04-08,SAS,HOU
2020-04-08,CLE,GSW
2020-04-08,CHI,LAC
2020-04-09,DET,MIA
2020-04-09,BRK,MIL
2020-04-09,SAC,MIN
2020-04-09,PHO,NOP
2020-04-09,DEN,POR
2020-04-09,GSW,LAL
2020-04-10,BOS,ORL
2020-04-10,ATL,TOR
2020-04-10,WAS,HOU
2020-04-10,NYK,OKC
2020-04-10,PHI,SAS
2020-04-11,DET,DAL
2020-04-11,WAS,CHO
2020-04-11,ORL,IND
2020-04-11,PHI,NOP
2020-04-11,MIL,CLE
2020-04-11,BRK,CHI
2020-04-11,OKC,MEM
2020-04-11,BOS,MIA
2020-04-11,GSW,LAC
2020-04-11,SAC,DEN
2020-04-11,UTA,PHO
2020-04-12,HOU,SAS
2020-04-12,NYK,TOR
2020-04-12,ATL,MIL
2020-04-12,MIN,LAL
2020-04-13,MIA,CHO
2020-04-13,BRK,CLE
2020-04-13,BOS,DET
2020-04-13,SAS,IND
2020-04-13,ORL,CHI
2020-04-13,PHO,HOU
2020-04-13,PHI,MEM
2020-04-13,WAS,NOP
2020-04-13,UTA,OKC
2020-04-13,DAL,DEN
2020-04-13,POR,GSW
2020-04-13,MIN,LAC
2020-04-14,TOR,MIA
2020-04-14,DET,NYK
2020-04-14,DEN,UTA
2020-04-14,SAC,LAL
2020-04-15,CLE,ATL
2020-04-15,CHI,BOS
2020-04-15,MIL,BRK
2020-04-15,OKC,DAL
2020-04-15,MEM,HOU
2020-04-15,NYK,MIN
2020-04-15,TOR,ORL
2020-04-15,CHO,PHI
2020-04-15,NOP,SAS
2020-04-15,IND,WAS
2020-04-15,LAL,PHO
2020-04-15,LAC,POR
2020-04-15,GSW,SAC
